Date,Total COVID-19 Patients,ICU Patients,Vent Patients,PPE,Capacity,Surge Capacity,Beds Occupied
12/02/2020,1860,427,188,0,16476,19771.2,13217
01/21/2022,3836,632,0,0,16476,19771.2,16476
06/19/2021,286,66,25,0,16476,19771.2,13059
09/23/2021,2168,559,0,0,16476,19771.2,16476
01/05/2021,2918,558,337,0,16476,19771.2,13398
10/02/2020,890,201,108,0,16476,19771.2,13247
07/30/2021,453,124,0,0,16476,19771.2,16476
09/11/2020,1120,249,120,2,16476,19771.2,13020
08/23/2021,1364,363,0,0,16476,19771.2,16476
08/05/2021,669,173,0,0,16476,19771.2,16476
11/16/2021,849,204,0,0,16476,19771.2,16476
07/27/2021,429,113,0,0,16476,19771.2,16476
09/24/2021,2106,557,0,0,16476,19771.2,16476
04/19/2022,159,32,0,0,16476,19771.2,16476
04/26/2021,974,251,122,0,16476,19771.2,12972
11/30/2020,1658,376,162,0,16476,19771.2,12496
08/26/2020,1170,265,145,1,16476,19771.2,12889
04/15/2022,150,27,0,0,16476,19771.2,16476
02/01/2021,2446,478,304,0,16476,19771.2,13157
02/04/2021,2444,486,294,0,16476,19771.2,13292
11/22/2020,1469,320,145,0,16476,19771.2,12780
07/08/2020,971,230,98,0,16476,19771.2,12794
11/17/2021,879,205,0,0,16476,19771.2,16476
01/11/2021,3117,571,352,0,16476,19771.2,13379
03/16/2022,452,94,0,0,16476,19771.2,16476
07/18/2020,1166,254,108,0,16476,19771.2,12758
12/06/2021,1077,247,0,0,16476,19771.2,16476
10/03/2021,1910,484,0,0,16476,19771.2,16476
08/25/2020,1174,273,144,1,16476,19771.2,12655
04/25/2021,1002,256,133,0,16476,19771.2,12957
01/23/2022,3634,604,0,0,16476,19771.2,16476
04/18/2021,1056,252,139,0,16476,19771.2,13113
12/26/2020,2454,548,299,0,16476,19771.2,12384
01/14/2021,3196,583,366,0,16476,19771.2,13462
08/28/2021,1619,421,0,0,16476,19771.2,16476
09/07/2021,1996,467,0,0,16476,19771.2,16476
06/13/2020,959,295,142,0,16476,19771.2,12545
02/09/2022,2113,397,0,0,16476,19771.2,16476
06/08/2020,1173,308,160,0,16476,19771.2,12049
03/28/2022,288,54,0,0,16476,19771.2,16476
10/22/2021,1266,313,0,0,16476,19771.2,16476
08/31/2020,1082,257,146,2,16476,19771.2,12613
09/28/2020,890,193,103,0,16476,19771.2,12663
01/15/2021,3147,580,362,0,16476,19771.2,13514
06/23/2021,259,66,37,0,16476,19771.2,13277
07/09/2021,257,63,36,0,16476,19771.2,13201
03/31/2022,267,46,0,0,16476,19771.2,16476
08/20/2021,1265,344,0,0,16476,19771.2,16476
02/12/2022,1786,358,0,0,16476,19771.2,16476
12/09/2021,1189,258,0,0,16476,19771.2,16476
10/14/2021,1533,393,0,0,16476,19771.2,16476
04/20/2020,1296,396,237,6,16476,19771.2,10515
01/17/2021,4043,566,339,0,16476,19771.2,13312
04/06/2021,1088,249,137,0,16476,19771.2,12906
05/09/2020,1593,367,198,0,16476,19771.2,11778
11/24/2021,867,216,0,0,16476,19771.2,16476
01/22/2021,2972,547,332,0,16476,19771.2,13429
02/08/2021,2285,464,298,0,16476,19771.2,12983
11/27/2021,903,228,0,0,16476,19771.2,16476
06/20/2021,283,72,37,0,16476,19771.2,12868
03/08/2021,1142,244,161,0,16476,19771.2,12837
11/12/2021,825,208,0,0,16476,19771.2,16476
04/04/2021,1035,259,130,0,16476,19771.2,12734
07/03/2021,260,50,33,0,16476,19771.2,13027
07/21/2021,352,89,45,0,16476,19771.2,13101
08/22/2020,1154,254,125,1,16476,19771.2,12860
11/21/2020,1507,331,135,0,16476,19771.2,12927
12/29/2020,2698,539,326,0,16476,19771.2,13136
03/30/2021,1070,231,128,0,16476,19771.2,12868
06/25/2020,854,237,104,0,16476,19771.2,12852
12/25/2020,2478,518,291,0,16476,19771.2,12726
07/29/2020,1350,276,155,0,16476,19771.2,12829
02/24/2021,1564,318,185,0,16476,19771.2,13133
05/26/2021,527,153,91,0,16476,19771.2,13318
04/27/2021,1009,257,135,0,16476,19771.2,13077
03/17/2021,1077,234,135,0,16476,19771.2,13151
04/26/2020,1436,387,217,2,16476,19771.2,11156
10/10/2020,943,208,97,0,16476,19771.2,13017
10/20/2021,1325,331,0,0,16476,19771.2,16476
02/02/2021,2473,493,304,0,16476,19771.2,13269
03/06/2022,691,141,0,0,16476,19771.2,16476
03/06/2021,1164,263,160,0,16476,19771.2,13033
01/07/2022,3329,545,0,0,16476,19771.2,16476
03/27/2022,282,53,0,0,16476,19771.2,16476
03/19/2022,402,91,0,0,16476,19771.2,16476
03/25/2022,321,78,0,0,16476,19771.2,16476
03/24/2022,366,85,0,0,16476,19771.2,16476
04/26/2022,185,28,0,0,16476,19771.2,16476
03/27/2021,994,232,124,0,16476,19771.2,11878
06/02/2021,476,121,77,0,16476,19771.2,12962
09/30/2020,908,190,104,0,16476,19771.2,13102
08/13/2020,1258,289,141,3,16476,19771.2,13043
05/08/2021,799,203,116,0,16476,19771.2,13323
05/22/2020,1459,366,207,0,16476,19771.2,12287
06/27/2020,819,234,103,0,16476,19771.2,12629
08/10/2021,879,228,0,0,16476,19771.2,16476
10/07/2020,1003,228,109,0,16476,19771.2,13022
06/07/2020,1186,316,165,0,16476,19771.2,12102
07/31/2021,475,121,0,0,16476,19771.2,16476
06/08/2021,452,108,71,0,16476,19771.2,13057
06/26/2021,232,60,33,0,16476,19771.2,12927
02/25/2022,1002,198,0,0,16476,19771.2,16476
04/18/2020,1307,398,230,6,16476,19771.2,10379
11/21/2021,849,213,0,0,16476,19771.2,16476
11/03/2020,1026,222,97,0,16476,19771.2,12847
04/30/2020,1550,372,208,2,16476,19771.2,11377
01/07/2021,3000,568,366,0,16476,19771.2,13414
12/08/2021,1208,250,0,0,16476,19771.2,16476
10/14/2020,1007,230,102,0,16476,19771.2,13083
03/15/2022,433,95,0,0,16476,19771.2,16476
01/04/2022,2798,512,0,0,16476,19771.2,16476
08/27/2021,1608,411,0,0,16476,19771.2,16476
01/08/2021,2991,547,351,0,16476,19771.2,13603
12/24/2020,2577,530,294,0,16476,19771.2,13122
09/25/2020,965,221,117,0,16476,19771.2,13004
07/29/2021,448,122,0,0,16476,19771.2,16476
03/23/2022,379,83,0,0,16476,19771.2,16476
07/18/2021,296,79,41,0,16476,19771.2,13021
01/18/2021,3151,584,354,0,16476,19771.2,13267
09/24/2020,982,219,112,0,16476,19771.2,13136
11/07/2020,1062,215,91,0,16476,19771.2,12971
04/10/2021,1087,249,133,0,16476,19771.2,13195
03/05/2022,709,149,0,0,16476,19771.2,16476
10/16/2021,1450,391,0,0,16476,19771.2,16476
05/10/2020,1555,351,187,0,16476,19771.2,11790
04/09/2021,1106,241,125,0,16476,19771.2,13266
07/15/2021,237,67,37,0,16476,19771.2,13338
06/14/2021,321,83,57,0,16476,19771.2,12942
03/02/2021,1345,305,200,0,16476,19771.2,12792
02/11/2022,1953,374,0,0,16476,19771.2,16476
01/28/2021,2706,515,322,0,16476,19771.2,13418
01/27/2021,2868,537,332,0,16476,19771.2,13468
02/11/2021,2136,451,289,0,16476,19771.2,13459
05/04/2021,861,225,126,0,16476,19771.2,13197
05/18/2021,604,190,108,0,16476,19771.2,12878
02/03/2022,2578,466,0,0,16476,19771.2,16476
12/23/2020,2586,532,290,0,16476,19771.2,13182
07/19/2020,1186,249,127,0,16476,19771.2,12656
02/23/2021,1621,315,196,0,16476,19771.2,12918
10/05/2020,925,213,101,0,16476,19771.2,12880
04/14/2022,147,29,0,0,16476,19771.2,16476
10/24/2021,1222,308,0,0,16476,19771.2,16476
10/01/2020,913,210,107,0,16476,19771.2,13284
11/02/2021,954,274,0,0,16476,19771.2,16476
08/30/2020,1090,251,132,2,16476,19771.2,12629
04/22/2020,1374,419,244,3,16476,19771.2,10957
05/27/2020,1459,390,203,0,16476,19771.2,12176
08/06/2020,1349,284,157,0,16476,19771.2,12953
04/01/2021,1046,249,134,0,16476,19771.2,13210
08/22/2021,1310,360,0,0,16476,19771.2,16476
09/20/2020,939,263,126,0,16476,19771.2,12725
11/11/2021,854,212,0,0,16476,19771.2,16476
12/16/2020,2349,511,257,0,16476,19771.2,13398
02/05/2022,2382,451,0,0,16476,19771.2,16476
02/16/2022,1568,320,0,0,16476,19771.2,16476
04/03/2021,1022,233,127,0,16476,19771.2,13016
05/20/2020,1536,370,202,0,16476,19771.2,12212
01/30/2022,2949,525,0,0,16476,19771.2,16476
11/06/2020,1057,216,96,0,16476,19771.2,12557
04/04/2022,230,37,0,0,16476,19771.2,16476
11/11/2020,1265,250,106,0,16476,19771.2,13302
08/02/2020,1173,267,138,0,16476,19771.2,12765
05/31/2021,481,139,84,0,16476,19771.2,12835
10/23/2021,1228,314,0,0,16476,19771.2,16476
01/06/2021,2925,537,357,0,16476,19771.2,13597
05/30/2021,500,142,78,0,16476,19771.2,12910
06/13/2021,323,86,62,0,16476,19771.2,13026
06/12/2020,1026,297,143,0,16476,19771.2,12684
05/24/2020,1351,354,192,0,16476,19771.2,11904
06/10/2020,1155,296,139,2,16476,19771.2,12594
03/22/2021,1000,214,124,0,16476,19771.2,12760
04/01/2022,266,42,0,0,16476,19771.2,16476
09/03/2020,1130,257,123,1,16476,19771.2,13043
03/01/2022,855,164,0,0,16476,19771.2,16476
02/18/2021,1828,364,218,0,16476,19771.2,13309
11/19/2020,1569,303,123,0,16476,19771.2,13174
08/05/2020,1304,283,144,0,16476,19771.2,12915
06/11/2020,1069,273,138,0,16476,19771.2,12642
02/01/2022,2924,506,0,0,16476,19771.2,16476
06/30/2020,902,230,98,0,16476,19771.2,12567
02/22/2022,1199,240,0,0,16476,19771.2,16476
07/14/2021,240,68,41,0,16476,19771.2,13241
05/28/2020,1502,416,195,0,16476,19771.2,12396
06/17/2021,307,75,41,0,16476,19771.2,13361
10/17/2020,993,219,100,0,16476,19771.2,13231
12/17/2021,1403,336,0,0,16476,19771.2,16476
08/29/2021,1645,426,0,0,16476,19771.2,16476
08/19/2020,1243,280,145,0,16476,19771.2,12985
04/14/2020,1282,422,276,7,16476,19771.2,10485
04/13/2022,152,34,0,0,16476,19771.2,16476
01/08/2022,3478,558,0,0,16476,19771.2,16476
12/07/2021,1131,252,0,0,16476,19771.2,16476
08/26/2021,1537,392,0,0,16476,19771.2,16476
01/19/2021,3173,588,347,0,16476,19771.2,13318
04/23/2021,1057,248,136,0,16476,19771.2,13395
03/07/2022,636,139,0,0,16476,19771.2,16476
12/21/2020,2442,530,282,0,16476,19771.2,12916
05/07/2020,1613,371,203,0,16476,19771.2,11793
08/02/2021,534,137,0,0,16476,19771.2,16476
10/18/2020,972,205,95,0,16476,19771.2,12516
06/18/2020,857,241,129,0,16476,19771.2,12594
09/03/2021,1892,466,0,0,16476,19771.2,16476
04/05/2022,226,41,0,0,16476,19771.2,16476
04/25/2020,1405,357,223,3,16476,19771.2,11123
04/18/2022,152,26,0,0,16476,19771.2,16476
09/15/2020,1015,228,104,2,16476,19771.2,12705
04/17/2020,1308,400,224,6,16476,19771.2,10889
06/22/2021,263,62,36,0,16476,19771.2,12970
01/11/2022,3845,589,0,0,16476,19771.2,16476
06/24/2020,886,235,107,0,16476,19771.2,12714
05/12/2020,1529,364,201,0,16476,19771.2,11692
03/11/2022,507,115,0,0,16476,19771.2,16476
09/27/2020,868,198,103,0,16476,19771.2,12633
01/23/2021,2927,567,320,0,16476,19771.2,13298
08/24/2020,1127,256,134,1,16476,19771.2,12774
09/09/2020,1072,252,121,1,16476,19771.2,12730
07/19/2021,281,79,40,0,16476,19771.2,12886
10/19/2021,1386,364,0,0,16476,19771.2,16476
04/11/2021,1059,246,137,0,16476,19771.2,13035
09/21/2021,2211,567,0,0,16476,19771.2,16476
06/05/2021,443,112,82,0,16476,19771.2,13212
02/06/2021,2376,465,294,0,16476,19771.2,13320
03/19/2021,1035,217,114,0,16476,19771.2,13210
12/22/2021,1550,379,0,0,16476,19771.2,16476
04/22/2022,179,31,0,0,16476,19771.2,16476
11/29/2020,1628,365,155,0,16476,19771.2,12334
01/30/2021,2632,507,311,0,16476,19771.2,13346
12/15/2021,1401,324,0,0,16476,19771.2,16476
09/01/2021,1854,439,0,0,16476,19771.2,16476
02/14/2022,1676,349,0,0,16476,19771.2,16476
08/08/2020,1258,271,145,1,16476,19771.2,12967
10/26/2021,1202,307,0,0,16476,19771.2,16476
11/28/2021,920,245,0,0,16476,19771.2,16476
10/06/2020,926,219,104,0,16476,19771.2,12680
09/14/2021,2117,546,0,0,16476,19771.2,16476
12/20/2021,1436,368,0,0,16476,19771.2,16476
11/26/2021,859,231,0,0,16476,19771.2,16476
11/05/2021,923,237,0,0,16476,19771.2,16476
05/05/2020,1496,361,189,0,16476,19771.2,11750
06/01/2021,446,124,76,0,16476,19771.2,12776
04/16/2020,1337,427,238,6,16476,19771.2,10933
09/27/2021,2068,540,0,0,16476,19771.2,16476
03/18/2021,1034,226,127,0,16476,19771.2,13111
10/03/2020,906,191,103,0,16476,19771.2,13144
05/22/2021,561,159,91,0,16476,19771.2,13039
10/11/2021,1563,412,0,0,16476,19771.2,16476
01/26/2022,3510,588,0,0,16476,19771.2,16476
12/01/2020,1757,398,173,0,16476,19771.2,12759
04/07/2021,1059,254,140,0,16476,19771.2,12967
12/21/2021,1518,378,0,0,16476,19771.2,16476
11/25/2021,881,219,0,0,16476,19771.2,16476
10/08/2021,1671,443,0,0,16476,19771.2,16476
01/24/2022,3648,601,0,0,16476,19771.2,16476
04/05/2021,1028,257,133,0,16476,19771.2,12689
01/31/2022,2896,512,0,0,16476,19771.2,16476
10/11/2020,924,201,98,0,16476,19771.2,12835
02/12/2021,2117,430,268,0,16476,19771.2,13465
09/30/2021,1986,527,0,0,16476,19771.2,16476
05/03/2021,822,224,114,0,16476,19771.2,12900
04/16/2021,1032,246,147,0,16476,19771.2,13354
03/04/2022,768,154,0,0,16476,19771.2,16476
06/21/2021,285,69,38,0,16476,19771.2,12836
10/06/2021,1794,468,0,0,16476,19771.2,16476
01/13/2021,3209,587,362,0,16476,19771.2,13505
07/28/2021,448,123,0,0,16476,19771.2,16476
12/31/2020,2744,525,328,0,16476,19771.2,13273
10/25/2020,979,216,109,0,16476,19771.2,12753
04/21/2022,165,32,0,0,16476,19771.2,16476
04/07/2022,231,37,0,0,16476,19771.2,16476
09/08/2021,2161,504,0,0,16476,19771.2,16476
12/18/2020,2409,510,254,0,16476,19771.2,13402
02/13/2021,1991,408,262,0,16476,19771.2,13276
10/22/2020,1109,218,120,0,16476,19771.2,13021
09/04/2020,1101,244,128,1,16476,19771.2,12962
05/08/2020,1625,378,199,0,16476,19771.2,11841
11/23/2020,1512,351,152,0,16476,19771.2,12666
06/19/2020,862,251,121,0,16476,19771.2,12613
11/02/2020,1031,214,97,0,16476,19771.2,12761
04/02/2021,1045,243,137,0,16476,19771.2,13179
03/20/2022,399,91,0,0,16476,19771.2,16476
11/20/2020,1510,318,133,0,16476,19771.2,13120
09/06/2021,1981,483,0,0,16476,19771.2,16476
11/10/2020,1174,224,88,0,16476,19771.2,12952
08/29/2020,1101,245,131,2,16476,19771.2,12867
01/02/2021,2710,557,335,0,16476,19771.2,12892
03/03/2021,1352,284,184,0,16476,19771.2,13148
06/14/2020,958,334,155,0,16476,19771.2,12330
01/10/2021,3060,553,348,0,16476,19771.2,13435
12/24/2021,1579,381,0,0,16476,19771.2,16476
08/16/2020,1184,283,165,1,16476,19771.2,12741
10/05/2021,1807,458,0,0,16476,19771.2,16476
01/06/2022,3094,526,0,0,16476,19771.2,16476
07/20/2020,1158,265,125,0,16476,19771.2,12599
12/12/2020,2088,429,229,0,16476,19771.2,13216
04/08/2021,1111,244,133,0,16476,19771.2,13289
02/10/2021,2201,449,286,0,16476,19771.2,13450
03/21/2022,408,88,0,0,16476,19771.2,16476
12/14/2020,2226,444,236,0,16476,19771.2,13117
01/13/2022,3894,646,0,0,16476,19771.2,16476
01/20/2021,3098,554,338,0,16476,19771.2,13518
07/04/2020,808,207,99,0,16476,19771.2,12452
09/10/2021,2150,513,0,0,16476,19771.2,16476
05/11/2020,1504,362,194,0,16476,19771.2,11829
06/01/2020,1371,347,188,0,16476,19771.2,12056
04/15/2021,1052,261,145,0,16476,19771.2,13309
07/04/2021,227,51,33,0,16476,19771.2,12874
01/28/2022,3197,552,0,0,16476,19771.2,16476
11/18/2021,847,199,0,0,16476,19771.2,16476
05/18/2020,1502,361,194,0,16476,19771.2,12087
09/22/2021,2166,556,0,0,16476,19771.2,16476
01/14/2022,3845,656,0,0,16476,19771.2,16476
06/23/2020,847,245,126,0,16476,19771.2,12152
02/28/2021,1323,295,180,0,16476,19771.2,12796
03/31/2021,1048,228,134,0,16476,19771.2,13119
12/28/2020,2563,526,321,0,16476,19771.2,12728
08/14/2021,1100,282,0,0,16476,19771.2,16476
08/11/2021,936,246,0,0,16476,19771.2,16476
01/26/2021,2847,539,316,0,16476,19771.2,13355
07/21/2020,1189,258,127,2,16476,19771.2,12711
02/09/2021,2248,467,290,0,16476,19771.2,13171
02/03/2021,2545,500,309,0,16476,19771.2,13333
03/18/2022,451,101,0,0,16476,19771.2,16476
03/01/2021,1321,295,196,0,16476,19771.2,12632
08/12/2021,971,233,0,0,16476,19771.2,16476
09/16/2020,1027,212,103,2,16476,19771.2,13024
02/17/2022,1499,324,0,0,16476,19771.2,16476
12/02/2021,1005,237,0,0,16476,19771.2,16476
11/26/2020,1601,370,152,0,16476,19771.2,12709
07/11/2020,1020,230,97,0,16476,19771.2,12946
01/15/2022,3867,657,0,0,16476,19771.2,16476
07/22/2020,1157,253,136,1,16476,19771.2,12921
05/05/2021,896,221,114,0,16476,19771.2,13337
10/12/2020,965,205,92,0,16476,19771.2,12527
01/21/2021,3011,545,337,0,16476,19771.2,13497
06/04/2021,480,112,82,0,16476,19771.2,13158
11/13/2020,1296,258,115,0,16476,19771.2,13349
07/30/2020,1357,284,147,0,16476,19771.2,13049
03/23/2021,1035,225,135,0,16476,19771.2,12788
12/01/2021,965,235,0,0,16476,19771.2,16476
07/31/2020,1334,279,145,0,16476,19771.2,12871
01/22/2022,3750,630,0,0,16476,19771.2,16476
05/09/2021,779,207,119,0,16476,19771.2,13082
03/04/2021,1266,270,169,0,16476,19771.2,13182
04/28/2021,988,244,132,0,16476,19771.2,13232
10/04/2021,1832,479,0,0,16476,19771.2,16476
10/31/2021,949,277,0,0,16476,19771.2,16476
12/20/2020,2405,517,272,0,16476,19771.2,13069
07/27/2020,1200,260,140,0,16476,19771.2,12642
06/27/2021,258,69,37,0,16476,19771.2,13033
05/19/2021,615,188,98,0,16476,19771.2,12967
06/15/2021,324,73,45,0,16476,19771.2,13076
11/19/2021,847,202,0,0,16476,19771.2,16476
07/22/2021,387,101,47,0,16476,19771.2,13444
12/27/2021,1672,399,0,0,16476,19771.2,16476
02/16/2021,1849,401,241,0,16476,19771.2,13054
10/12/2021,1585,426,0,0,16476,19771.2,16476
12/08/2020,1918,435,196,0,16476,19771.2,13060
07/12/2020,1045,228,101,0,16476,19771.2,12777
01/04/2021,2765,563,339,0,16476,19771.2,13169
01/05/2022,2965,499,0,0,16476,19771.2,16476
08/03/2020,1205,271,151,0,16476,19771.2,12721
06/09/2021,395,104,73,0,16476,19771.2,13093
10/08/2020,933,196,89,0,16476,19771.2,13271
10/13/2020,999,200,98,0,16476,19771.2,12821
09/17/2020,995,225,109,1,16476,19771.2,13195
11/14/2021,829,215,0,0,16476,19771.2,16476
04/12/2022,155,31,0,0,16476,19771.2,16476
08/28/2020,1101,261,136,2,16476,19771.2,13053
12/19/2020,2429,495,264,0,16476,19771.2,13280
04/03/2022,242,35,0,0,16476,19771.2,16476
09/13/2020,1012,232,119,2,16476,19771.2,12687
01/18/2022,3948,676,0,0,16476,19771.2,16476
08/30/2021,1700,432,0,0,16476,19771.2,16476
09/18/2021,2185,559,0,0,16476,19771.2,16476
07/02/2020,888,206,95,0,16476,19771.2,12718
04/11/2022,150,26,0,0,16476,19771.2,16476
01/17/2022,3812,656,0,0,16476,19771.2,16476
05/13/2020,1526,374,202,0,16476,19771.2,11930
08/13/2021,1029,261,0,0,16476,19771.2,16476
08/12/2020,1281,290,142,2,16476,19771.2,13102
05/04/2020,1463,348,192,0,16476,19771.2,11459
04/25/2022,176,30,0,0,16476,19771.2,16476
06/26/2020,854,219,99,0,16476,19771.2,12680
05/19/2020,1497,377,199,0,16476,19771.2,12065
08/14/2020,1299,268,150,3,16476,19771.2,13045
02/19/2022,1334,281,0,0,16476,19771.2,16476
02/07/2021,2303,456,301,0,16476,19771.2,13147
03/13/2021,1118,220,133,0,16476,19771.2,13010
11/01/2020,1012,228,98,0,16476,19771.2,12701
02/06/2022,2284,438,0,0,16476,19771.2,16476
07/24/2021,434,105,0,0,16476,19771.2,16476
12/16/2021,1430,336,0,0,16476,19771.2,16476
01/01/2022,2292,464,0,0,16476,19771.2,16476
05/25/2020,1376,349,182,0,16476,19771.2,11968
08/15/2020,1271,279,167,2,16476,19771.2,12954
09/06/2020,1083,232,119,1,16476,19771.2,12650
06/05/2020,1205,320,161,0,16476,19771.2,12233
02/21/2021,1548,306,186,0,16476,19771.2,13089
11/12/2020,1313,246,110,0,16476,19771.2,13413
09/09/2021,2176,514,0,0,16476,19771.2,16476
07/23/2021,415,105,0,0,16476,19771.2,16476
10/29/2021,1058,301,0,0,16476,19771.2,16476
03/24/2021,973,219,131,0,16476,19771.2,13210
10/18/2021,1388,363,0,0,16476,19771.2,16476
02/08/2022,2178,434,0,0,16476,19771.2,16476
05/12/2021,779,223,126,0,16476,19771.2,13228
11/09/2021,857,219,0,0,16476,19771.2,16476
10/04/2020,877,197,98,0,16476,19771.2,12656
03/03/2022,789,154,0,0,16476,19771.2,16476
03/13/2022,457,103,0,0,16476,19771.2,16476
02/20/2022,1270,250,0,0,16476,19771.2,16476
09/16/2021,2144,544,0,0,16476,19771.2,16476
03/15/2021,1013,217,131,0,16476,19771.2,12700
05/20/2021,587,175,93,0,16476,19771.2,13184
04/19/2021,1046,257,119,0,16476,19771.2,12977
05/30/2020,1471,372,194,0,16476,19771.2,12146
05/11/2021,741,204,116,0,16476,19771.2,13036
07/02/2021,247,61,36,0,16476,19771.2,13275
07/06/2020,783,194,86,0,16476,19771.2,12237
02/10/2022,1990,408,0,0,16476,19771.2,16476
09/02/2020,1114,266,134,1,16476,19771.2,13053
05/26/2020,1403,366,190,0,16476,19771.2,11960
09/07/2020,1061,249,119,1,16476,19771.2,12639
03/09/2022,593,130,0,0,16476,19771.2,16476
08/06/2021,724,174,0,0,16476,19771.2,16476
06/24/2021,248,63,34,0,16476,19771.2,13342
11/18/2020,1469,318,126,0,16476,19771.2,13091
12/07/2020,1885,403,180,0,16476,19771.2,12754
08/09/2021,785,187,0,0,16476,19771.2,16476
05/06/2020,1594,396,192,0,16476,19771.2,11715
07/13/2021,237,61,46,0,16476,19771.2,13070
07/17/2020,1171,247,118,0,16476,19771.2,12942
01/16/2022,3817,659,0,0,16476,19771.2,16476
12/03/2020,1853,411,186,0,16476,19771.2,13223
11/08/2021,806,212,0,0,16476,19771.2,16476
05/10/2021,751,197,113,0,16476,19771.2,12916
12/29/2021,2014,412,0,0,16476,19771.2,16476
12/06/2020,1969,395,187,0,16476,19771.2,13007
02/25/2021,1488,303,183,0,16476,19771.2,13174
07/13/2020,1129,243,105,0,16476,19771.2,12677
05/21/2021,619,183,100,0,16476,19771.2,13335
05/01/2021,885,224,128,0,16476,19771.2,13235
12/30/2020,2707,553,330,0,16476,19771.2,13270
01/29/2022,3061,536,0,0,16476,19771.2,16476
10/15/2021,1474,385,0,0,16476,19771.2,16476
04/20/2022,166,35,0,0,16476,19771.2,16476
04/12/2021,1046,249,129,0,16476,19771.2,12879
04/13/2021,1070,252,144,0,16476,19771.2,13057
07/16/2021,256,73,35,0,16476,19771.2,13264
04/30/2021,950,224,130,0,16476,19771.2,13340
08/01/2020,1257,275,150,0,16476,19771.2,12896
06/18/2021,268,70,37,0,16476,19771.2,13159
02/13/2022,1700,341,0,0,16476,19771.2,16476
05/16/2020,1505,381,189,0,16476,19771.2,11999
08/04/2021,668,179,0,0,16476,19771.2,16476
02/22/2021,1540,318,187,0,16476,19771.2,12974
12/04/2021,1051,233,0,0,16476,19771.2,16476
04/24/2021,1046,262,147,0,16476,19771.2,13196
05/02/2021,858,218,129,0,16476,19771.2,13069
11/24/2020,1496,354,146,0,16476,19771.2,12703
05/31/2020,1458,371,196,0,16476,19771.2,11684
10/19/2020,972,210,81,0,16476,19771.2,12468
05/24/2021,503,154,86,0,16476,19771.2,12811
03/28/2021,1010,225,128,0,16476,19771.2,12818
09/10/2020,1096,255,134,2,16476,19771.2,13023
03/11/2021,1129,230,144,0,16476,19771.2,12935
08/16/2021,1137,281,0,0,16476,19771.2,16476
03/26/2022,306,64,0,0,16476,19771.2,16476
02/07/2022,2250,426,0,0,16476,19771.2,16476
08/08/2021,778,185,0,0,16476,19771.2,16476
05/02/2020,1426,375,202,1,16476,19771.2,11406
07/20/2021,338,80,37,0,16476,19771.2,13184
01/25/2022,3603,604,0,0,16476,19771.2,16476
07/28/2020,1294,261,153,0,16476,19771.2,12652
01/12/2021,3185,582,349,0,16476,19771.2,13482
02/02/2022,2787,479,0,0,16476,19771.2,16476
08/04/2020,1255,282,144,0,16476,19771.2,12706
11/22/2021,846,215,0,0,16476,19771.2,16476
10/21/2020,1010,202,97,0,16476,19771.2,13009
12/18/2021,1412,344,0,0,16476,19771.2,16476
03/21/2021,994,209,127,0,16476,19771.2,12876
11/29/2021,936,241,0,0,16476,19771.2,16476
12/17/2020,2399,490,246,0,16476,19771.2,13443
12/15/2020,2361,490,240,0,16476,19771.2,13220
07/07/2020,902,221,105,0,16476,19771.2,12424
03/20/2021,978,222,124,0,16476,19771.2,13041
06/09/2020,1169,311,155,0,16476,19771.2,12137
11/01/2021,934,279,0,0,16476,19771.2,16476
08/31/2021,1768,427,0,0,16476,19771.2,16476
02/27/2021,1374,303,185,0,16476,19771.2,13016
10/27/2021,1175,315,0,0,16476,19771.2,16476
09/02/2021,1882,447,0,0,16476,19771.2,16476
05/17/2021,661,196,121,0,16476,19771.2,12775
09/17/2021,2174,621,0,0,16476,19771.2,16476
09/19/2020,960,219,108,0,16476,19771.2,12927
12/12/2021,1276,283,0,0,16476,19771.2,16476
01/09/2022,3551,572,0,0,16476,19771.2,16476
02/15/2021,1833,398,251,0,16476,19771.2,13080
04/28/2020,1508,376,217,2,16476,19771.2,11299
06/03/2020,1311,313,185,0,16476,19771.2,12314
10/09/2020,963,205,87,0,16476,19771.2,13147
06/15/2020,902,269,130,0,16476,19771.2,11957
05/27/2021,514,142,80,0,16476,19771.2,13437
06/06/2021,429,112,84,0,16476,19771.2,13132
11/05/2020,1064,240,104,0,16476,19771.2,13064
06/02/2020,1362,336,186,0,16476,19771.2,11933
07/05/2020,792,202,95,0,16476,19771.2,12182
12/28/2021,1906,407,0,0,16476,19771.2,16476
03/29/2021,1043,225,130,0,16476,19771.2,13018
07/03/2020,818,207,95,0,16476,19771.2,12748
06/17/2020,938,249,120,0,16476,19771.2,12488
01/25/2021,2892,554,324,0,16476,19771.2,13270
08/18/2021,1243,340,0,0,16476,19771.2,16476
01/09/2021,3032,565,348,0,16476,19771.2,13537
02/23/2022,1080,217,0,0,16476,19771.2,16476
07/25/2020,1201,266,138,0,16476,19771.2,12827
12/30/2021,2101,418,0,0,16476,19771.2,16476
08/09/2020,1200,260,146,1,16476,19771.2,12781
04/14/2021,1060,265,148,0,16476,19771.2,13234
02/27/2022,940,186,0,0,16476,19771.2,16476
01/29/2021,2691,511,309,0,16476,19771.2,13376
05/03/2020,1413,385,193,0,16476,19771.2,11289
01/03/2022,2611,498,0,0,16476,19771.2,16476
12/22/2020,2508,535,279,0,16476,19771.2,13027
06/04/2020,1266,321,171,0,16476,19771.2,12324
06/25/2021,250,60,31,0,16476,19771.2,13149
02/24/2022,1018,208,0,0,16476,19771.2,16476
12/10/2020,2018,410,201,0,16476,19771.2,13394
06/10/2021,402,113,73,0,16476,19771.2,13296
08/24/2021,1458,395,0,0,16476,19771.2,16476
06/16/2020,904,241,125,0,16476,19771.2,12204
05/16/2021,656,198,120,0,16476,19771.2,12891
12/23/2021,1574,382,0,0,16476,19771.2,16476
03/07/2021,1127,258,168,0,16476,19771.2,12958
02/28/2022,902,187,0,0,16476,19771.2,16476
10/28/2021,1155,307,0,0,16476,19771.2,16476
03/12/2022,474,115,0,0,16476,19771.2,16476
02/18/2022,1424,297,0,0,16476,19771.2,16476
01/20/2022,3868,635,0,0,16476,19771.2,16476
01/02/2022,2405,472,0,0,16476,19771.2,16476
04/21/2021,1120,271,130,0,16476,19771.2,13380
11/07/2021,828,223,0,0,16476,19771.2,16476
02/20/2021,1594,312,186,0,16476,19771.2,13147
09/19/2021,2103,536,0,0,16476,19771.2,16476
10/16/2020,1002,222,104,0,16476,19771.2,13245
11/14/2020,1312,261,121,0,16476,19771.2,13209
03/26/2021,998,238,131,0,16476,19771.2,13080
08/21/2021,1349,354,0,0,16476,19771.2,16476
07/01/2021,281,77,46,0,16476,19771.2,13242
12/04/2020,1854,413,187,0,16476,19771.2,13281
02/15/2022,1669,355,0,0,16476,19771.2,16476
09/14/2020,1006,220,110,2,16476,19771.2,12634
06/21/2020,863,243,125,0,16476,19771.2,12283
03/30/2022,282,50,0,0,16476,19771.2,16476
08/20/2020,1266,276,148,0,16476,19771.2,13151
01/16/2021,3119,561,354,0,16476,19771.2,13339
05/21/2020,1491,351,191,0,16476,19771.2,12226
10/24/2020,979,220,117,0,16476,19771.2,12949
09/11/2021,2188,536,0,0,16476,19771.2,16476
01/27/2022,3467,576,0,0,16476,19771.2,16476
02/26/2021,1481,313,187,0,16476,19771.2,13205
02/26/2022,968,194,0,0,16476,19771.2,16476
03/22/2022,391,95,0,0,16476,19771.2,16476
06/22/2020,848,240,132,0,16476,19771.2,12155
12/11/2020,2075,417,212,0,16476,19771.2,13495
03/25/2021,1003,232,126,0,16476,19771.2,13114
04/17/2021,1032,248,142,0,16476,19771.2,13292
07/09/2020,956,215,93,0,16476,19771.2,12864
06/28/2021,231,63,32,0,16476,19771.2,12825
07/11/2021,245,59,33,0,16476,19771.2,13001
09/05/2020,1098,243,121,1,16476,19771.2,12925
09/18/2020,945,212,102,1,16476,19771.2,12911
06/03/2021,498,129,88,0,16476,19771.2,13219
07/10/2021,228,61,32,0,16476,19771.2,13007
11/27/2020,1593,373,160,0,16476,19771.2,11336
04/08/2022,219,34,0,0,16476,19771.2,16476
03/02/2022,834,157,0,0,16476,19771.2,16476
07/24/2020,1250,274,142,1,16476,19771.2,12980
02/17/2021,1823,386,239,0,16476,19771.2,13263
02/21/2022,1221,250,0,0,16476,19771.2,16476
08/25/2021,1485,416,0,0,16476,19771.2,16476
09/29/2020,958,202,113,0,16476,19771.2,12720
10/29/2020,1082,249,108,0,16476,19771.2,13051
12/25/2021,1634,376,0,0,16476,19771.2,16476
03/12/2021,1129,228,134,0,16476,19771.2,13121
01/03/2021,2708,557,344,0,16476,19771.2,13021
07/05/2021,195,45,31,0,16476,19771.2,12716
09/15/2021,2155,537,0,0,16476,19771.2,16476
11/03/2021,967,277,0,0,16476,19771.2,16476
11/15/2021,829,205,0,0,16476,19771.2,16476
11/20/2021,849,201,0,0,16476,19771.2,16476
10/01/2021,1898,512,0,0,16476,19771.2,16476
09/12/2021,2134,528,0,0,16476,19771.2,16476
04/24/2020,1399,379,220,4,16476,19771.2,10991
10/21/2021,1311,334,0,0,16476,19771.2,16476
03/16/2021,1088,218,134,0,16476,19771.2,12753
05/13/2021,748,204,119,0,16476,19771.2,13378
11/23/2021,863,221,0,0,16476,19771.2,16476
07/07/2021,215,49,29,0,16476,19771.2,12943
02/14/2021,1906,392,238,0,16476,19771.2,13155
08/07/2021,751,182,0,0,16476,19771.2,16476
12/13/2020,2127,416,220,0,16476,19771.2,13169
11/15/2020,1284,252,120,0,16476,19771.2,12361
10/15/2020,1009,220,104,0,16476,19771.2,13225
03/05/2021,1222,254,150,0,16476,19771.2,13128
09/29/2021,2033,533,0,0,16476,19771.2,16476
11/28/2020,1585,370,149,0,16476,19771.2,12241
12/27/2020,2495,514,318,0,16476,19771.2,12635
11/06/2021,858,225,0,0,16476,19771.2,16476
10/23/2020,1012,233,113,0,16476,19771.2,13177
07/01/2020,892,205,95,0,16476,19771.2,12830
11/04/2020,1041,231,102,0,16476,19771.2,13152
01/10/2022,3681,567,0,0,16476,19771.2,16476
12/14/2021,1330,301,0,0,16476,19771.2,16476
08/07/2020,1372,284,159,0,16476,19771.2,13015
05/14/2020,1533,355,201,0,16476,19771.2,12116
06/12/2021,345,84,62,0,16476,19771.2,13152
05/29/2021,524,136,80,0,16476,19771.2,13245
02/19/2021,1671,329,204,0,16476,19771.2,13277
12/26/2021,1634,382,0,0,16476,19771.2,16476
06/16/2021,385,83,55,0,16476,19771.2,13117
11/13/2021,842,224,0,0,16476,19771.2,16476
06/29/2021,286,83,49,0,16476,19771.2,12921
08/17/2020,1173,281,158,1,16476,19771.2,12588
09/26/2021,2067,536,0,0,16476,19771.2,16476
07/25/2021,427,108,0,0,16476,19771.2,16476
08/11/2020,1293,280,148,1,16476,19771.2,12854
03/14/2022,444,97,0,0,16476,19771.2,16476
04/29/2021,960,237,138,0,16476,19771.2,13356
05/28/2021,514,131,78,0,16476,19771.2,13361
09/26/2020,924,202,111,0,16476,19771.2,13016
04/27/2022,200,35,0,0,16476,19771.2,16476
03/10/2022,530,112,0,0,16476,19771.2,16476
03/08/2022,635,131,0,0,16476,19771.2,16476
09/08/2020,1051,240,118,1,16476,19771.2,12512
07/06/2021,211,49,33,0,16476,19771.2,12791
12/03/2021,1041,241,0,0,16476,19771.2,16476
10/28/2020,1068,252,113,0,16476,19771.2,13171
09/28/2021,2111,552,0,0,16476,19771.2,16476
04/19/2020,1319,388,231,6,16476,19771.2,10623
11/09/2020,1127,214,98,0,16476,19771.2,12746
06/11/2021,367,101,67,0,16476,19771.2,13192
04/22/2021,1104,269,145,0,16476,19771.2,13425
05/15/2021,700,198,115,0,16476,19771.2,13139
09/25/2021,2099,534,0,0,16476,19771.2,16476
06/20/2020,880,267,133,0,16476,19771.2,12424
08/15/2021,1145,300,0,0,16476,19771.2,16476
09/12/2020,995,228,113,2,16476,19771.2,12997
10/30/2020,1065,231,107,0,16476,19771.2,13096
11/16/2020,1337,263,118,0,16476,19771.2,12897
07/10/2020,1006,234,102,0,16476,19771.2,13013
05/07/2021,829,211,121,0,16476,19771.2,13420
01/12/2022,3899,621,0,0,16476,19771.2,16476
05/06/2021,847,206,129,0,16476,19771.2,13472
12/19/2021,1418,357,0,0,16476,19771.2,16476
09/21/2020,995,217,106,0,16476,19771.2,12691
01/31/2021,2516,496,315,0,16476,19771.2,13155
05/25/2021,520,154,88,0,16476,19771.2,12904
03/09/2021,1172,244,149,0,16476,19771.2,12770
07/12/2021,222,54,32,0,16476,19771.2,12929
12/05/2020,1852,407,183,0,16476,19771.2,13164
04/21/2020,1331,403,251,4,16476,19771.2,11011
10/26/2020,1048,230,114,0,16476,19771.2,12824
12/09/2020,2004,429,197,0,16476,19771.2,13241
05/23/2021,543,160,88,0,16476,19771.2,12890
07/08/2021,221,52,31,0,16476,19771.2,13195
10/30/2021,1018,285,0,0,16476,19771.2,16476
04/23/2020,1379,400,249,3,16476,19771.2,11149
10/27/2020,1081,230,106,0,16476,19771.2,13047
01/01/2021,2754,557,322,0,16476,19771.2,13193
10/10/2021,1585,427,0,0,16476,19771.2,16476
03/14/2021,1063,223,135,0,16476,19771.2,12955
08/19/2021,1289,342,0,0,16476,19771.2,16476
06/07/2021,424,115,76,0,16476,19771.2,12991
04/29/2020,1566,387,222,1,16476,19771.2,11324
03/10/2021,1136,231,135,0,16476,19771.2,12856
08/18/2020,1253,300,163,0,16476,19771.2,12679
12/11/2021,1279,279,0,0,16476,19771.2,16476
03/17/2022,462,94,0,0,16476,19771.2,16476
09/20/2021,2158,549,0,0,16476,19771.2,16476
11/25/2020,1549,361,153,0,16476,19771.2,12943
10/02/2021,1881,495,0,0,16476,19771.2,16476
11/10/2021,877,237,0,0,16476,19771.2,16476
11/30/2021,992,236,0,0,16476,19771.2,16476
12/31/2021,2182,438,0,0,16476,19771.2,16476
04/15/2020,1298,394,234,6,16476,19771.2,10859
09/22/2020,940,213,113,0,16476,19771.2,12731
08/23/2020,1155,251,130,1,16476,19771.2,12561
12/13/2021,1278,292,0,0,16476,19771.2,16476
05/29/2020,1524,373,193,0,16476,19771.2,12369
10/31/2020,1026,228,104,0,16476,19771.2,13109
07/26/2021,415,108,0,0,16476,19771.2,16476
08/01/2021,489,126,0,0,16476,19771.2,16476
05/01/2020,1431,366,193,2,16476,19771.2,11295
10/25/2021,1230,320,0,0,16476,19771.2,16476
05/17/2020,1524,379,195,0,16476,19771.2,11926
05/23/2020,1384,330,213,0,16476,19771.2,12191
06/28/2020,818,235,107,0,16476,19771.2,12449
08/03/2021,643,153,0,0,16476,19771.2,16476
06/29/2020,796,225,101,0,16476,19771.2,12374
02/05/2021,2363,462,294,0,16476,19771.2,13165
07/26/2020,1174,268,143,0,16476,19771.2,12625
08/27/2020,1174,264,148,1,16476,19771.2,12968
05/14/2021,684,199,117,0,16476,19771.2,13186
06/06/2020,1171,324,169,0,16476,19771.2,12280
10/20/2020,937,194,98,0,16476,19771.2,12664
07/14/2020,1127,249,112,0,16476,19771.2,12705
01/24/2021,2850,546,329,0,16476,19771.2,13315
09/23/2020,916,215,113,0,16476,19771.2,13065
09/13/2021,2103,538,0,0,16476,19771.2,16476
07/23/2020,1218,257,136,1,16476,19771.2,12990
04/06/2022,241,42,0,0,16476,19771.2,16476
09/01/2020,1039,258,130,1,16476,19771.2,12821
10/07/2021,1669,460,0,0,16476,19771.2,16476
03/29/2022,326,61,0,0,16476,19771.2,16476
01/19/2022,3942,655,0,0,16476,19771.2,16476
07/15/2020,1081,246,113,0,16476,19771.2,12933
06/30/2021,264,73,46,0,16476,19771.2,13334
08/21/2020,1233,263,142,0,16476,19771.2,13059
04/20/2021,1092,280,127,0,16476,19771.2,13065
07/17/2021,286,69,33,0,16476,19771.2,13291
10/09/2021,1653,442,0,0,16476,19771.2,16476
11/04/2021,947,254,0,0,16476,19771.2,16476
09/05/2021,1941,473,0,0,16476,19771.2,16476
07/16/2020,1134,248,118,0,16476,19771.2,13014
11/08/2020,1090,202,90,0,16476,19771.2,12611
02/04/2022,2521,454,0,0,16476,19771.2,16476
09/04/2021,1987,474,0,0,16476,19771.2,16476
10/13/2021,1576,422,0,0,16476,19771.2,16476
08/17/2021,1191,309,0,0,16476,19771.2,16476
11/17/2020,1392,272,103,0,16476,19771.2,12920
05/15/2020,1511,362,195,0,16476,19771.2,12148
08/10/2020,1251,279,159,1,16476,19771.2,12775
12/05/2021,1080,250,0,0,16476,19771.2,16476
04/27/2020,1455,389,217,2,16476,19771.2,11043
04/02/2022,245,37,0,0,16476,19771.2,16476
